Wavelength (nm),RGB Values,LDR Value,Absorbance (Abs)
380,"(97, 0, 97)",24,0.0
381,"(100, 0, 101)",43,-0.2533
382,"(103, 0, 106)",45,-0.2730
383,"(106, 0, 110)",46,-0.2825
384,"(108, 0, 115)",51,-0.3274
385,"(111, 0, 119)",56,-0.368
406,"(129, 0, 203)",79,-0.5174
407,"(128, 0, 207)",78,-0.5119
408,"(127, 0, 211)",76,-0.5006
409,"(126, 0, 214)",75,-0.4949
410,"(125, 0, 218)",77,-0.5063
411,"(124, 0, 222)",78,-0.5119
417,"(113, 0, 244)",75,-0.4949
418,"(111, 0, 247)",75,-0.4949
419,"(108, 0, 251)",75,-0.4949
420,"(105, 0, 255)",74,-0.489
421,"(101, 0, 255)",72,-0.4771
422,"(97, 0, 255)",72,-0.4771
427,"(75, 0, 255)",64,-0.426
428,"(70, 0, 255)",62,-0.4122
429,"(65, 0, 255)",60,-0.3979
430,"(60, 0, 255)",58,-0.3832
431,"(55, 0, 255)",57,-0.3757
432,"(50, 0, 255)",55,-0.3602
436,"(29, 0, 255)",44,-0.2632
437,"(23, 0, 255)",42,-0.243
438,"(16, 0, 255)",38,-0.1996
439,"(9, 0, 255)",34,-0.1513
440,"(0, 0, 255)",30,-0.0969
441,"(0, 11, 255)",29,-0.0822
490,"(0, 255, 255)",65,-0.4327
491,"(0, 23, 244)",32,-0.1249
492,"(0, 40, 234)",31,-0.1112
493,"(0, 55, 223)",35,-0.1639
494,"(0, 70, 213)",37,-0.188
495,"(0, 84, 202)",36,-0.1761
535,"(111, 255, 0)",100,-0.6198
536,"(115, 255, 0)",102,-0.6284
537,"(119, 255, 0)",102,-0.6284
538,"(122, 255, 0)",103,-0.6326
539,"(126, 255, 0)",105,-0.641
540,"(129, 255, 0)",104,-0.6368
541,"(132, 255, 0)",107,-0.6492
542,"(136, 255, 0)",108,-0.6532
543,"(139, 255, 0)",108,-0.6532
544,"(143, 255, 0)",110,-0.6612
545,"(146, 255, 0)",110,-0.6612
546,"(149, 255, 0)",111,-0.6651
663,"(255, 0, 0)",93,-0.5883
664,"(255, 0, 0)",93,-0.5883
665,"(255, 0, 0)",93,-0.5883
666,"(255, 0, 0)",93,-0.5883
667,"(255, 0, 0)",92,-0.5836
668,"(255, 0, 0)",92,-0.5836
666,"(255, 0, 0)",93,-0.5883
696,"(255, 0, 0)",91,-0.5788
697,"(255, 0, 0)",92,-0.5836
698,"(255, 0, 0)",92,-0.5836
699,"(255, 0, 0)",93,-0.5883
700,"(255, 0, 0)",92,-0.5836
701,"(253, 0, 0)",92,-0.5836
393,"125,0,152",66,-0.4393
394,"126,0,156",71,-0.471
395,"127,0,160",71,-0.471
396,"128,0,164",70,-0.4649
397,"129,0,168",70,-0.4649
398,"129,0,172",74,-0.489
447,"0,52,255",33,-0.1383
448,"0,58,255",36,-0.1761
449,"0,64,255",36,-0.1761
450,"0,70,255",36,-0.1761
451,"0,75,255",40,-0.2218
452,"0,81,255",38,-0.1996
460,"0,122,255",44,-0.2632
461,"0,127,255",48,-0.301
462,"0,132,255",45,-0.273
463,"0,137,255",49,-0.31
464,"0,141,255",49,-0.31
465,"0,146,255",49,-0.31
556,"182,255,0",120,-0.699
557,"185,255,0",121,-0.7026
558,"188,255,0",121,-0.7026
559,"191,255,0",122,-0.7061
560,"194,255,0",123,-0.7097
561,"197,255,0",122,-0.7061
566,"213,255,0",127,-0.7236
567,"216,255,0",128,-0.727
568,"219,255,0",129,-0.7304
569,"222,255,0",129,-0.7304
570,"225,255,0",130,-0.7337
571,"228,255,0",131,-0.7371
611,"255,151,0",127,-0.7236
612,"255,148,0",123,-0.7097
613,"255,144,0",124,-0.7132
614,"255,141,0",125,-0.7167
615,"255,137,0",121,-0.7026
616,"255,133,0",126,-0.7202
635,"255,57,0",110,-0.4503
636,"255,52,0",112,-0.4582
637,"255,47,0",113,-0.462
638,"255,42,0",108,-0.4424
639,"255,37,0",109,-0.4464
640,"255,32,0",105,-0.4301
641,"255,27,0",106,-0.4342
642,"255,21,0",106,-0.4342
643,"255,15,0",101,-0.4133
644,"255,9,0",100,-0.4089
645,"255,0,0 (sweep 1)",96,-0.3912
645,"255,0,0 (sweep 2)",94,-0.5929
646,"255,0,0 (sweep 1)",96,-0.3912
646,"255,0,0 (sweep 2)",93,-0.5883
647,"255,0,0",93,-0.5883
648,"255,0,0",93,-0.5883
649,"255,0,0",94,-0.5929
650,"255,0,0",94,-0.5929
678,"255,0,0",93,-0.5883
679,"255,0,0",92,-0.5836
680,"255,0,0",93,-0.5883
681,"255,0,0",92,-0.5836
682,"255,0,0",93,-0.5883
683,"255,0,0",93,-0.5883
729,"201,0,0",78,-0.5119
730,"199,0,0",79,-0.5174
731,"197,0,0",78,-0.5119
732,"196,0,0",78,-0.5119
733,"194,0,0",77,-0.5063
734,"192,0,0",77,-0.5063
387,"(115,0,127)",69,-0.2478
388,"(117,0,132)",67,-0.235
389,"(119,0,136)",71,-0.2602
390,"(121,0,140)",77,-0.2954
391,"(123,0,144)",75,-0.284
392,"(124,0,148)",74,-0.2782
393,"(125,0,152)",73,-0.2723
394,"(126,0,156)",78,-0.301
395,"(127,0,160)",79,-0.3066
396,"(128,0,164)",78,-0.301
397,"(129,0,168)",76,-0.2897
398,"(129,0,172)",80,-0.312
575,"(240,255,0)",133,-0.7436
576,"(243,255,0)",135,-0.7501
577,"(246,255,0)",135,-0.7501
578,"(249,255,0)",135,-0.7501
579,"(252,255,0)",136,-0.7533
598,"(255,196,0)",132,-0.7404
599,"(255,193,0)",129,-0.7304
600,"(255,190,0)",130,-0.7337
601,"(255,186,0)",129,-0.7304
602,"(255,183,0)",126,-0.7202
603,"(255,179,0)",129,-0.7304
612,"(255,148,0)",125,-0.5058
613,"(255,144,0)",128,-0.5161
614,"(255,141,0)",127,-0.5127
615,"(255,137,0)",124,-0.5024
616,"(255,133,0)",128,-0.5161
617,"(255,129,0)",123,-0.4988
618,"(255,126,0)",120,-0.699
619,"(255,122,0)",123,-0.7097
620,"(255,118,0)",117,-0.688
621,"(255,114,0)",120,-0.699
622,"(255,111,0)",120,-0.699
623,"(255,107,0)",117,-0.688
618,"(255,126,0)",124,-0.5024
619,"(255,122,0)",125,-0.5058
620,"(255,118,0)",121,-0.4917
621,"(255,114,0)",124,-0.5024
622,"(255,111,0)",122,-0.4953
623,"(255,107,0)",120,-0.4881
712,"(233,0,0)",87,-0.5593
713,"(231,0,0)",87,-0.5593
714,"(229,0,0)",86,-0.5543
715,"(227,0,0)",86,-0.5543
716,"(226,0,0)",85,-0.5492
717,"(224,0,0)",85,-0.5492
736,"(188,0,0)",76,-0.5006
737,"(186,0,0)",75,-0.4949
738,"(184,0,0)",74,-0.489
739,"(182,0,0)",75,-0.4949
740,"(180,0,0)",72,-0.4771
741,"(178,0,0)",73,-0.4831
748,"(164,0,0)",71,-0.2602
749,"(164,0,0)",72,-0.2663
750,"(160,0,0)",70,-0.254
751,"(158,0,0)",70,-0.254
752,"(156,0,0)",69,-0.2478
753,"(154,0,0)",68,-0.2414
754,"(152,0,0)",69,-0.2478
755,"(150,0,0)",66,-0.2285
756,"(148,0,0)",68,-0.2414
757,"(146,0,0)",65,-0.2218
758,"(144,0,0)",65,-0.2218
759,"(142,0,0)",64,-0.2151
758,"(144,0,0)",62,-0.4122
759,"(142,0,0)",62,-0.4122
760,"(140,0,0)",61,-0.4051
761,"(138,0,0)",61,-0.4051
762,"(136,0,0)",61,-0.4051
763,"(134,0,0)",59,-0.3906
777,"(104,0,0)",49,-0.31
778,"(101,0,0)",49,-0.31
779,"(99,0,0)",46,-0.2825
780,"(97,0,0)",47,-0.2919
474,"(0, 187, 255)",55,-0.3602
475,"(0, 191, 255)",57,-0.3757
476,"(0, 196, 255)",57,-0.3757
477,"(0, 200, 255)",55,-0.3602
478,"(0, 204, 255)",59,-0.3906
479,"(0, 209, 255)",58,-0.3832
483,"(0, 226, 255)",62,-0.4122
484,"(0, 230, 255)",61,-0.4051
485,"(0, 234, 255)",62,-0.4122
486,"(0, 238, 255)",62,-0.4122
487,"(0, 242, 255)",61,-0.4051
488,"(0, 246, 255)",64,-0.426
496,"(0, 97, 191)",34,-0.1513
497,"(0, 110, 180)",42,-0.243
498,"(0, 122, 169)",44,-0.2632
499,"(0, 134, 158)",42,-0.243
500,"(0, 146, 146)",41,-0.2326
509,"(0, 244, 23)",53,-0.3441
510,"(0, 255, 0)",54,-0.3522
510,"(0, 255, 0)",56,-0.1571
511,"(8, 255, 0)",56,-0.368
511,"(8, 255, 0)",60,-0.1871
512,"(14, 255, 0)",60,-0.3979
512,"(14, 255, 0)",62,-0.2013
513,"(20, 255, 0)",63,-0.4191
513,"(20, 255, 0)",67,-0.235
514,"(25, 255, 0)",67,-0.4459
514,"(25, 255, 0)",68,-0.2414
515,"(30, 255, 0)",71,-0.2602
516,"(35, 255, 0)",74,-0.2782
517,"(40, 255, 0)",76,-0.2897
518,"(44, 255, 0)",78,-0.301
519,"(49, 255, 0)",80,-0.312
520,"(53, 255, 0)",82,-0.3227
521,"(58, 255, 0)",84,-0.3332
522,"(62, 255, 0)",82,-0.5336
523,"(66, 255, 0)",85,-0.5492
524,"(70, 255, 0)",86,-0.5543
525,"(74, 255, 0)",87,-0.5593
525,"(74, 255, 0)",91,-0.368
526,"(78, 255, 0)",90,-0.574
526,"(78, 255, 0)",92,-0.3727
527,"(82, 255, 0)",90,-0.574
527,"(82, 255, 0)",93,-0.3774
528,"(86, 255, 0)",96,-0.3912
529,"(89, 255, 0)",95,-0.3867
530,"(93, 255, 0)",97,-0.3957
531,"(97, 255, 0)",98,-0.4002
532,"(101, 255, 0)",100,-0.4089
533,"(104, 255, 0)",102,-0.4175
534,"(108, 255, 0)",101,-0.4133
535,"(111, 255, 0)",104,-0.426
566,"(213, 255, 0)",131,-0.5262
567,"(217, 255, 0)",132,-0.5295
568,"(219, 255, 0)",132,-0.5295
569,"(222, 255, 0)",133,-0.5328
570,"(225, 255, 0)",133,-0.5328
571,"(228, 255, 0)",133,-0.5328
572,"(231, 255, 0)",135,-0.5393
573,"(234, 255, 0)",136,-0.5425
574,"(237, 255, 0)",136,-0.5425
575,"(240, 255, 0)",137,-0.5457
576,"(243, 255, 0)",137,-0.5457
587,"(255, 232, 0)",138,-0.5488
588,"(255, 229, 0)",137,-0.5457
589,"(255, 226, 0)",136,-0.5425
590,"(255, 223, 0)",137,-0.5457
591,"(255, 219, 0)",136,-0.5425
592,"(255, 216, 0)",136,-0.5425
593,"(255, 213, 0)",137,-0.5457
594,"(255, 210, 0)",133,-0.5328
595,"(255, 206, 0)",135,-0.5393
596,"(255, 203, 0)",134,-0.536
597,"(255, 200, 0)",132,-0.5295
598,"(255, 196, 0)",134,-0.536
685,"(255, 0, 0)",96,-0.3912
686,"(255, 0, 0)",96,-0.3912
687,"(255, 0, 0)",95,-0.3867
688,"(255, 0, 0)",95,-0.3867
689,"(255, 0, 0)",96,-0.3912
690,"(255, 0, 0)",95,-0.3867
691,"(255, 0, 0)",96,-0.3912
692,"(255, 0, 0)",96,-0.3912
693,"(255, 0, 0)",96,-0.3912
694,"(255, 0, 0)",95,-0.3867
695,"(255, 0, 0)",96,-0.3912
427,"(75,0,255)",69,-0.2478
428,"(70,0,255)",67,-0.235
429,"(65,0,255)",64,-0.2151
430,"(60,0,255)",64,-0.2151
431,"(55,0,255)",61,-0.1943
432,"(50,0,255)",59,-0.1798
433,"(45,0,255)",56,-0.1571
434,"(40,0,255)",54,-0.1413
435,"(34,0,255)",53,-0.1332
436,"(29,0,255)",48,-0.0902
437,"(23,0,255)",46,-0.0717
438,"(16,0,255)",42,-0.0322
439,"(9,0,255)",38,0.0113
440,"(0,0,255)",33,-0.0726
441,"(0,11,255)",33,0.0726
442,"(0,19,255)",32,0.0859
443,"(0,26,255)",34,0.0596
444,"(0,33,255)",36,0.0348
445,"(0,40,255)",35,0.047
446,"(0,46,255)",38,0.0113
447,"(0,52,255)",36,0.0348
448,"(0,58,255)",39,0.0
459,"(0,117,255)",48,-0.0902
460,"(0,122,255)",48,-0.0902
461,"(0,127,255)",52,-0.1249
462,"(0,132,255)",49,-0.0991
463,"(0,137,255)",55,-0.1493
464,"(0,141,255)",52,-0.1249
465,"(0,146,255)",52,-0.1249
466,"(0,151,255)",55,-0.1493
467,"(0,155,255)",52,-0.1249
468,"(0,160,255)",57,-0.1648
469,"(0,164,255)",55,-0.1493
473,"(0,182,255)",60,-0.1871
474,"(0,187,255)",58,-0.1724
475,"(0,191,255)",62,-0.2013
476,"(0,196,255)",61,-0.1943
477,"(0,200,255)",59,-0.1798
478,"(0,204,255)",62,-0.2013
479,"(0,209,255)",62,-0.2013
480,"(0,213,255)",64,-0.2151
481,"(0,217,255)",63,-0.2083
482,"(0,221,255)",62,-0.2013
483,"(0,226,255)",65,-0.2218
484,"(0,230,255)",64,-0.2151
659,"(255,0,0)",96,-0.3912
660,"(255,0,0)",96,-0.3912
661,"(255,0,0)",96,-0.3912
662,"(255,0,0)",96,-0.3912
663,"(255,0,0)",96,-0.3912
664,"(255,0,0)",96,-0.3912
665,"(255,0,0)",96,-0.3912
666,"(255,0,0)",95,-0.3867
667,"(255,0,0)",95,-0.3867
668,"(255,0,0)",96,-0.3912
669,"(255,0,0)",95,-0.3867
670,"(255,0,0)",95,-0.3867
705,"(246,0,0)",93,-0.3774
706,"(244,0,0)",93,-0.3774
707,"(242,0,0)",93,-0.3774
708,"(240,0,0)",92,-0.3727
709,"(238,0,0)",91,-0.3680
710,"(236,0,0)",91,-0.3680
711,"(235,0,0)",90,-0.3632
712,"(233,0,0)",90,-0.3632
713,"(231,0,0)",90,-0.3632
714,"(229,0,0)",89,-0.3583
715,"(227,0,0)",89,-0.3583
716,"(226,0,0)",88,-0.3534
727,"(205,0,0)",83,-0.328
728,"(203,0,0)",83,-0.328
729,"(201,0,0)",83,-0.328
730,"(199,0,0)",80,-0.312
731,"(197,0,0)",82,-0.3227
732,"(196,0,0)",80,-0.312
733,"(194,0,0)",80,-0.312
734,"(192,0,0)",79,-0.3066
735,"(190,0,0)",78,-0.301
736,"(188,0,0)",78,-0.301
737,"(186,0,0)",77,-0.2954
738,"(184,0,0)",77,-0.2954
765,"(130,0,0)",61,-0.1943
766,"(128,0,0)",59,-0.1798
767,"(125,0,0)",60,-0.1871
768,"(123,0,0)",59,-0.1798
769,"(121,0,0)",58,-0.1724
770,"(119,0,0)",58,-0.1724
771,"(117,0,0)",55,-0.1493
772,"(115,0,0)",56,-0.1571
773,"(112,0,0)",54,-0.1413
774,"(110,0,0)",54,-0.1413
775,"(108,0,0)",54,-0.1413
776,"(106,0,0)",52,-0.1249
777,"(104,0,0)",53,-0.1332
778,"(101,0,0)",49,-0.0991
779,"(99,0,0)",50,-0.1079
780,"(97,0,0)",48,-0.0902
380 nm,"(97, 0, 97)",39,-0.0000
381 nm,"(100, 0, 101)",57,-0.1648
382 nm,"(103, 0, 106)",59,-0.1798
383 nm,"(106, 0, 110)",57,-0.1648
384 nm,"(108, 0, 115)",62,-0.2013
385 nm,"(111, 0, 119)",67,-0.2350
386 nm,"(113, 0, 123)",69,-0.2478
387 nm,"(115, 0, 127)",69,-0.2478
388 nm,"(117, 0, 132)",67,-0.2350
398 nm,"(129, 0, 172)",80,-0.3120
399 nm,"(130, 0, 176)",82,-0.3227
400 nm,"(130, 0, 180)",81,-0.3174
401 nm,"(130, 0, 184)",78,-0.3010
402 nm,"(130, 0, 188)",82,-0.3227
403 nm,"(130, 0, 192)",83,-0.3280
404 nm,"(130, 0, 196)",82,-0.3227
405 nm,"(129, 0, 199)",81,-0.3174
406 nm,"(129, 0, 203)",83,-0.3280
407 nm,"(128, 0, 207)",85,-0.3384
408 nm,"(127, 0, 211)",83,-0.3280
409 nm,"(126, 0, 214)",81,-0.3174
413 nm,"(121, 0, 229)",82,-0.3227
414 nm,"(119, 0, 233)",81,-0.3174
415 nm,"(117, 0, 236)",82,-0.3227
416 nm,"(115, 0, 240)",83,-0.3280
417 nm,"(113, 0, 244)",81,-0.3174
418 nm,"(111, 0, 247)",79,-0.3066
419 nm,"(108, 0, 251)",79,-0.3066
420 nm,"(105, 0, 255)",81,-0.3174
421 nm,"(101, 0, 255)",77,-0.2954
422 nm,"(97, 0, 255)",77,-0.2954
423 nm,"(92, 0, 255)",76,-0.2897
424 nm,"(88, 0, 255)",74,-0.2782
447 nm,"(0, 52, 255)",36,0.0348
448 nm,"(0, 58, 255)",39,0.0000
449 nm,"(0, 64, 255)",41,-0.0217
450 nm,"(0, 70, 255)",41,-0.0217
451 nm,"(0, 75, 255)",45,-0.0621
452 nm,"(0, 81, 255)",41,-0.0217
453 nm,"(0, 86, 255)",44,-0.0524
454 nm,"(0, 92, 255)",44,-0.0524
455 nm,"(0, 97, 255)",45,-0.0621
456 nm,"(0, 102, 255)",48,-0.0902
457 nm,"(0, 107, 255)",45,-0.0621
458 nm,"(0, 112, 255)",50,-0.1079
486 nm,"(0, 238, 255)",67,-0.2350
487 nm,"(0, 242, 255)",66,-0.2285
488 nm,"(0, 246, 255)",67,-0.2350
489 nm,"(0, 250, 255)",68,-0.2414
490 nm,"(0, 255, 255)",68,-0.2414
491 nm,"(0, 23, 244)",36,0.0348
492 nm,"(0, 40, 234)",35,0.0470
493 nm,"(0, 55, 223)",37,0.0229
494 nm,"(0, 70, 213)",43,-0.0424
495 nm,"(0, 84, 202)",38,0.0113
496 nm,"(0, 97, 191)",39,0.0000
497 nm,"(0, 110, 180)",47,-0.0810
502 nm,"(0, 169, 122)",51,-0.1165
503 nm,"(0, 180, 110)",48,-0.0902
504 nm,"(0, 191, 97)",50,-0.1079
505 nm,"(0, 202, 84)",55,-0.1493
506 nm,"(0, 213, 70)",54,-0.1413
507 nm,"(0, 223, 55)",53,-0.1332
508 nm,"(0, 234, 40)",56,-0.1571
509 nm,"(0, 244, 23)",57,-0.1648
510 nm,"(0, 255, 0)",56,-0.1571
511 nm,"(8, 255, 0)",60,-0.1871
512 nm,"(14, 255, 0)",62,-0.2013
513 nm,"(20, 255, 0)",67,-0.2350
550 nm,"(162, 255, 0)",117,-0.4771
551 nm,"(166, 255, 0)",119,-0.4845
552 nm,"(169, 255, 0)",120,-0.4881
553 nm,"(172, 255, 0)",121,-0.4917
554 nm,"(175, 255, 0)",122,-0.4953
555 nm,"(179, 255, 0)",122,-0.4953
556 nm,"(182, 255, 0)",124,-0.5024
557 nm,"(185, 255, 0)",124,-0.5024
558 nm,"(188, 255, 0)",124,-0.5024
559 nm,"(191, 255, 0)",126,-0.5093
560 nm,"(194, 255, 0)",126,-0.5093
561 nm,"(197, 255, 0)",128,-0.5161
572 nm,"(231, 255, 0)",135,-0.5393
573 nm,"(234, 255, 0)",136,-0.5425
574 nm,"(237, 255, 0)",136,-0.5425
575 nm,"(240, 255, 0)",137,-0.5457
576 nm,"(243, 255, 0)",137,-0.5457
577 nm,"(246, 255, 0)",138,-0.5488
578 nm,"(249, 255, 0)",138,-0.5488
579 nm,"(252, 255, 0)",139,-0.5520
580 nm,"(255, 255, 0)",140,-0.5551
581 nm,"(255, 251, 0)",140,-0.5551
582 nm,"(255, 248, 0)",139,-0.5520
583 nm,"(255, 245, 0)",139,-0.5520